{
    "type" : "minecraft:the_nether",
    "generator" : {
        "type" : "minecraft:flat",
        "settings" : {
            "structures": { "structures": {} },
            "lakes" : false,
            "features" : false,
            "biome" : "the_slip:slip_plane",
            "layers" : [
                { "height" :  1, "block" : "minecraft:barrier" },
                { "height" : 61, "block" : "minecraft:black_stained_glass" },
                { "height" :  1, "block" : "minecraft:tinted_glass" }
            ]
        }
    }
}